,x,y
0,1.0493043103878812,-1.8130922748352962
1,0.8660991746757938,-0.2539693884418823
2,0.5511346001736115,1.0031008311982006
3,1.7280777909101865,0.530827957890599
4,-0.6492881168415856,0.4788701009060989
5,-0.4784195763579415,-0.7381100257993624
6,1.077885105058001,-1.181619291212734
7,0.9688103328246859,-0.5319064608281339
8,-0.8093447934601005,-1.2151852769964337
9,-1.23738910381811,-0.7958789358167725
10,1.8601165424376336,-0.18914217081951934
11,-0.30831923719054405,-0.5849115004631603
12,0.7829705506124804,-0.9048462592299471
13,0.021523447153127116,-0.99327928857717
14,0.7156637884175309,-0.4950494461703942
15,1.4014665066112424,0.24899694691923874
16,-1.1275021170675945,0.02844845711102248
17,1.655818219951886,-1.747587497130612
18,1.4009614818072458,0.1580267497069787
19,0.20199007016588486,-0.9514490053110122
20,-0.9648635644810544,1.7385917502631214
21,1.0445885124381415,-0.6639049045091099
22,-0.4310506867660867,-1.1094225268955227
23,-0.497319496500776,-0.34724303402952006
24,-0.05911741569627351,-1.8363205119435948
25,-1.114604665368022,-0.5643349088243038
26,-1.2269977854322833,-1.5876654214607357
27,-1.410088194402538,1.4439174773477434
28,1.3108605148894903,-0.8035579811823844
29,-0.5174420744693574,0.21851330638534722
30,-0.016658136823531632,0.5199482276452074
31,0.46917225121061357,-0.7332984750193743
32,0.7767780946631282,1.1976717001242012
33,-1.884697692756784,-2.3769917204496736
34,-0.12758733346403073,0.5038332977033397
35,-0.5193174359901142,1.5179964681522933
36,0.7351432203364792,0.6061438361338916
37,1.3468513217545324,0.5659442708827255
38,0.5502550534366635,0.6135490937570118
39,-0.22905115771553702,0.19469348627277994
40,0.6612316262273394,-0.018293610334900217
41,-0.5363684671358677,1.2674284741822093
42,-0.48194437611005925,0.5472794985858821
43,0.3127235626767308,1.3290072546748093
44,-3.121838527750614,0.27194122336848287
45,-1.3584770112725197,1.5872800900796675
46,-0.1426382068941453,-1.258843989324706
47,-0.21699692550435176,-0.6921233781360941
48,-0.032868003887164675,-1.1435255422021025
49,1.8321446831278307,0.8118512709292348
50,0.35235984074058224,-1.3175635140089514
51,0.2366451326057808,-1.0028258952337838
52,1.4785480651791567,1.4308240771605465
53,1.5543065696828902,0.12990360757207675
54,-1.110608976737172,2.9027049814743884
55,0.8237885627686914,-0.22629170131003018
56,0.6652746881941375,0.7656941454798919
57,0.7147663896727131,1.6808226648511628
58,-1.2307870529506515,-1.261768985156192
59,2.09540212721878,0.6146565029951304
60,-0.6032194817994879,0.4226723504442451
61,1.6135530599420125,1.1962323653073808
62,-0.2539840502382806,0.7125476645258076
63,-1.5158787721745357,1.5520493721119737
64,-0.1172265226167112,1.5886306786872617
65,0.49542835886134906,-1.397430628087185
66,-0.7025908475465444,1.0024913687622528
67,0.3950695355955659,1.3708377818836714
68,-1.1232790206733962,0.8992023198754223
69,-1.715554785160731,0.047055675935769405
70,-0.2711051463590511,0.7656550990770424
71,0.08624073884905215,0.7917963330711965
72,-1.0904711851280051,-0.27383743240138997
73,0.11254301309480462,-0.43301862037005134
74,-0.9536444665330561,-0.25230811905254935
75,0.05022319439111116,1.2298116770566185
76,-0.48316060246183784,1.0123910567272982
77,1.3339032998357456,-0.7754123101728979
78,0.48018807993364965,-0.66262306329891
79,-0.74972665959341,-0.39482702842143585
80,-1.3207765603350463,1.4223426605472347
81,0.3322315997283137,0.7530389617978627
82,-0.266608341359897,-0.9436514532070124
83,0.6362020253304543,-1.3068870310744702
84,-1.1183151725303673,-0.20799154102286835
85,0.26454515108960197,-0.7961573910170596
86,0.09305941285183385,1.305027952286924
87,-1.1961980903270952,-0.7479127056780597
88,-0.8989277998441216,-1.0975242231297562
89,-0.04539672046419439,0.2933506483222784
90,-0.5971675819098856,-0.34497679814573684
91,0.015619152911980943,-1.0245809359844091
92,-0.6071839128156995,0.3328903190543769
93,0.7214008301695842,-1.1855562193862816
94,0.4642776778662887,-1.11560629153823
95,0.8265594189613322,-0.29221224650031413
96,0.09301203320240556,2.9078697477684203
97,-2.262283088410026,0.829602275460406
98,0.9907236458823676,1.4719462145776685
99,-1.2738157597155664,-0.2223928968342841
100,-1.3877369396500803,-0.8528531225032563
101,0.15522077759152758,1.7306099787086797
102,0.07367248064303844,-0.08982479040380432
103,1.0291480438222755,0.8390417407710913
104,-0.6603815546512322,2.0898563049807675
105,-0.6188706164634306,-1.6453075295705473
106,-0.18953704989519327,-0.06110590847514549
107,-0.5460350713282363,-0.7529535012042327
108,1.625804959784759,-0.008772949151021506
109,-0.1025457654600969,-0.33958949296301494
110,-1.4300039635627155,0.381908468624608
111,0.8753830104591608,-0.9265401992519989
112,-0.1517392351715515,-0.8889935080575612
113,-0.3699691320524272,1.7454131251413127
114,0.013983622785963611,0.2680040817480002
115,-0.0816679839437938,1.5175143489794234
116,1.0924773449806888,1.9063706183177305
117,0.5277825233024726,-0.5048553667723971
118,1.7416774852442058,0.5696927841699959
119,-0.5463244766294301,0.3528647638431268
120,1.6573679526528216,-0.45652121255698974
121,0.6736299646319434,-0.326802263309468
122,-0.0848480008170569,0.6900579266186949
123,-1.6524043456314434,0.36720787803601906
124,0.6435637306027324,0.6478490189774245
125,-0.9143290295136269,-0.5761892398781382
126,0.3498783423013252,0.6813754668682525
127,0.0980876233323421,0.42744794889924365
128,0.9201330739568245,-1.0941549253583827
129,0.4162480813222196,0.42979297663518456
130,0.688298652337385,-0.5537323130741401
131,-0.03270919817518425,0.14138593072422212
132,0.5425445051342261,-0.311604238719995
133,-0.005887829657764288,-1.547849805645455
134,-1.3617451086781214,0.7526933573075785
135,-0.31745126867605356,-0.9602270413514881
136,-2.326764487082596,0.9305384564324799
137,0.8795543364875956,-1.6977616759276288
138,-0.6859587873807119,-0.11286469297309125
139,-1.1942324452313056,-0.7261722411115806
140,-1.2201927633172607,0.08384993538291563
141,-0.8510833587734025,-1.4213426485146596
142,0.6737400386701607,-0.9153478261791186
143,0.6358357045587646,0.9052227419369084
144,0.8352749050586582,0.3797162072576159
145,0.18199291819098398,-0.28357535785517163
146,1.232290741458378,1.8743283143914646
147,-0.9968418142647211,0.6252016085633404
148,-0.8042378430600307,0.937503970296203
149,1.8332298657434367,-2.352613460617209
150,0.08404620993203903,-0.594737310564402
151,-0.4662263106414408,-0.6234347530299921
152,-0.4587914390806665,-0.04446991666655549
153,-0.6236946567179222,-1.076046250510826
154,0.6451328726722213,-1.8052480116085725
155,-1.8515806287598502,0.6857399886967322
156,0.8433423313238598,-0.027914969768810666
157,1.09386675824713,0.3204442288197672
158,0.4565757767788202,1.5241930784280935
159,0.2731308310722073,-0.30640003719644326
160,-1.9168205063796455,0.7435973771120666
161,0.16299908524480275,-0.31926961979062873
162,0.9204370571629641,0.6557786077288941
163,-0.6672754558582923,0.5048633277832131
164,-0.04666190920744378,-1.3024989864472039
165,-0.6137709993332693,0.8542439888075792
166,-0.3749339375444443,-0.319615732513934
167,0.5169408184812835,-0.6196529594042818
168,0.5389144836825053,0.5095448295703349
169,0.0015249590343162061,0.8990949548545326
170,-0.10778626288340552,-0.6937417802740052
171,0.6903469155302813,-0.0948798147108418
172,1.4807799412149973,-0.6344895626924072
173,0.9054560808592289,0.5831255848466563
174,1.6301395029647123,-1.2788723198839052
175,0.05301958409276815,-1.89827211213768
176,-1.677866774854642,1.0615949849798882
177,-0.30604641117977943,-0.0464993678827139
178,-0.1615309349211711,0.5430197607560668
179,1.1274836579339382,-1.7353829065344852
180,-0.027808667297052562,0.4883322343409472
181,0.02901073023959688,-1.4405150878788142
182,-0.8388833579118687,-0.13524397870883298
183,-0.9976092427109213,0.4703578409217062
184,0.19685336736457287,-0.9697894777328897
185,-1.5670229511332303,0.246519571975341
186,0.07681290149702352,-0.6450751662360783
187,0.22949380700537056,0.08302613885695909
188,1.1644726010425712,1.110748182381625
189,0.013560574966448715,1.2628752398077754
190,-1.1317001693827813,1.83805930705568
191,-0.6985198868156852,-0.3475250321139524
192,-1.28332743301038,-2.3964595731944107
193,-1.0343521329456056,0.5481004307491711
194,0.8587216861991802,-0.8679341740588997
195,-1.1286054276006985,-0.33393443092378366
196,0.4250967185544169,-0.04654296089445729
197,1.016141337476905,-0.5678004018029138
198,-3.1386251539952714,-0.6012322487160849
199,-0.4920306265148295,1.231208541842902
200,1.6101524609756936,1.079919720717328
201,0.4739776159948018,-0.7802359894229302
202,-2.311531066810059,1.5173413362758295
203,-0.45318115137840403,-0.7036415549510258
204,-0.831669423761246,0.7745384497370382
205,-0.26312953252385224,0.7515142449298403
206,-0.25337446403998476,-1.4071732819889826
207,0.10464098589846131,0.5116789472831936
208,-0.3384374935468472,0.03712479212774165
209,-1.1480275688820243,-0.6153168698423166
210,-0.5277218834436789,-1.7099781447580689
211,-0.12081065420943556,-0.2552024879485645
212,0.17428587006059323,1.790328279966176
213,-0.6388963974676867,-1.7063897955157943
214,-0.0850784285952753,-0.13798026326093077
215,1.6268965005093088,0.6872971622098855
216,0.729508204798702,-0.07928497251350358
217,0.38736836351863063,1.4017378030945369
218,0.1360745966036642,-0.8669239084711793
219,0.1585934456362326,-0.857064240089091
220,-0.08736461592962128,-1.4837424196202142
221,-0.7311712200772412,-1.1160678100789476
222,1.2467114773040586,0.29486125400869195
223,0.7123430491712716,0.6342939022462953
224,-1.1725632724701376,-0.5979105757019157
225,0.4389515721890754,-0.13536859322670045
226,-0.5256981398912014,-0.3731577976051856
227,0.4521468203205222,0.569595105669589
228,0.8294475402925681,2.064574213003333
229,2.1029224090395897,-1.0003548285537447
230,0.5110401726316068,0.2973221730985062
231,2.1410296630491037,0.1254830829354896
232,-0.6132325372092335,1.2274914283862548
233,2.0560547018618935,1.545199251216267
234,-0.02445902894428233,-1.284873715535046
235,1.6828767469983883,0.7661317978534984
236,1.1088618914273296,0.3257369113112497
237,0.9553077339170216,-0.43932199588425636
238,-0.44130502889340906,0.08924999383261692
239,-0.46289450030145435,-2.0422892090862947
240,1.0930857471258983,0.9170521314946618
241,-1.3767097553019663,-0.10388747946885331
242,0.21817145850559094,0.03863621860039166
243,-2.191495740337288,1.2774825434666461
244,0.9015237024280389,0.523018936452388
245,1.9153886244484777,1.2876470225621108
246,0.9855218808734802,1.5224781604187259
247,0.19294640464405288,-1.2943051403002606
248,-0.3910028538881069,0.5788832237624887
249,-0.7763018050182287,0.5354834048909328
250,-0.31701701219687733,-0.2360197978724204
251,0.023306831930005375,0.22871956246836161
252,0.5515734251374098,0.11526440380122183
253,1.4621259015629564,-1.3187649858405999
254,1.3465888120247886,-0.3839416426877202
255,-0.37614994923881856,1.064684295332222
256,-0.13364355789019722,-0.5122601588330631
257,1.2757376756998602,-1.9220779785514663
258,0.3881000476097486,0.4536245842211451
259,-1.5627447439964712,0.08248232723404048
260,0.503073021980161,-0.7003427459310151
261,-1.3549632803799831,0.19580235958355088
262,1.2301561054502377,-0.12466231340417311
263,-1.014742706699742,1.7050338943280507
264,0.22460476952030756,-0.20389223185934463
265,-0.15410754460492715,-0.6612840731571469
266,-2.012553540205909,0.5490300220596835
267,1.6621832204308848,-0.15676823094725403
268,0.9472571276493087,0.41617610615896855
269,-2.5751683746092597,-0.2418683892620136
270,0.39492079806981467,1.4547420388258463
271,-0.24286772736860643,0.3102636886252729
272,0.7430636872730272,-0.46836306218661167
273,0.021610611267619637,-0.04618593937492155
274,1.8213209501385152,-0.6374584475978237
275,-1.6379427334661927,-0.5487904327973073
276,0.09489429378468042,-0.01277002490191136
277,-0.17335138730625527,0.9970334857257417
278,0.5551674534670884,-1.102341818264512
279,0.42323018355172864,1.6374110144784395
280,-0.8098721596565939,1.364117927335081
281,-1.2544052227348097,-0.8129668727913947
282,0.7815068179821906,-0.45496927499807077
283,-1.118096101948362,-0.8159224678015227
284,-0.8502467427011995,-0.6035477475054993
285,0.2373499541994714,0.9407591998686672
286,0.20701948834719006,1.4170780217278287
287,0.035967368360910565,-1.2689631555486436
288,-0.256178219633088,-0.3077613048292733
289,-0.5815601566443208,0.9715608333305672
290,0.03217572444226148,0.2722575223197298
291,-0.25226373254842116,1.6876299654494056
292,-0.43021816186802314,-1.1511370699189192
293,0.5569822538637785,-2.3343779352177045
294,0.6030528442194573,1.3519020283582963
295,-0.41849410560775613,-2.6097383904340967
296,1.640290679991957,0.5199931892766677
297,0.8564288841671491,-0.010318424545215211
298,0.5051997120996596,-0.7410124642651876
299,0.08359592378976002,-0.35044440409590993
300,0.27851467644629807,-0.5866759947932132
301,-0.07011023759159413,-0.5763708546481734
302,-0.036261881894945044,-1.0433048890722048
303,-2.25634651224707,-0.23065629364384313
304,-1.4571839936525013,-0.9449718129193203
305,-0.43899255102925444,1.7411340245339708
306,-0.021401214420761594,0.47370008558701243
307,-0.914008232375511,-0.8329217787044076
308,1.0469128121362792,0.8935234992305933
309,0.2968576866510116,1.6091750830124187
310,-1.0382694765437643,-1.1638280029303865
311,-0.2274567790686446,-1.2943597323919214
312,0.9043124199995235,1.3408986980042188
313,-1.4797431595554982,0.36816404747023396
314,-0.4400975141539552,0.20819637325579624
315,1.6066373095862725,0.6791479586928066
316,-1.0280124333228307,-0.35211159275969534
317,-0.9665331158049351,-0.49426745379967213
318,0.7425411114305784,-1.9209813827239168
319,1.6600997216367277,1.8727859638312225
320,-1.8780434905100152,2.0907928116742434
321,0.13311181290462853,-1.7983495176714706
322,0.14908897798895712,0.8880842333864222
323,0.8570968227815015,0.19211047123726227
324,0.666509030934641,-0.3932950963888126
325,0.20302656032635913,0.24208787513096724
326,-0.2879343403365589,0.4775546735303593
327,1.2075776468925625,-1.0589045765808982
328,-0.2743332942908717,-2.0388631955959386
329,1.2116808294178263,0.7129688059322954
330,1.4219511353003753,0.24657451028735378
331,-0.7014460607024956,-0.9306449523842444
332,-0.09725970881531151,0.054645228377468914
333,-0.12574439277097293,-0.5467369523094756
334,0.9048830560650561,0.5969133291809079
335,0.7457083959014014,1.1836223669025523
336,-1.9134116928475888,0.1900130410041881
337,-1.203386211708203,0.24649940658226563
338,0.4141501017190045,0.46686270983316347
339,-1.4278730973762856,-0.9358805832447517
340,1.1265848537177594,0.29291566800169544
341,1.0733577625673205,0.6536239125426099
342,-0.8046338175104889,-0.2979597016746824
343,1.4055624596496141,0.9601661910693008
344,-0.9373250274437217,0.3275679881540544
345,0.3938168216605006,0.038966645779348455
346,2.39726336709758,0.2945563100219952
347,-1.5049535987029987,0.3286472543266111
348,-1.371800612679572,0.5992749027064743
349,0.3606765974008355,1.1707633204104362
350,-0.7502927862808222,-0.5814523359869286
351,0.363427989423847,1.06673284939631
352,-2.747107057055207,-0.8360091446759993
353,0.5226698286718018,-0.056027297208653196
354,1.0464247141049283,0.28935957359425396
355,1.04342644557575,1.0184454639885034
356,-0.3937833962135997,-0.07483866310040733
357,0.6756752110383853,3.1469707321083584
358,0.16807396381345235,0.7691198924862591
359,0.8956531482421252,-0.08140807786970906
360,-0.1670009471587029,-0.023189246362069194
361,0.8472548955549871,0.535559695462778
362,-0.2056295416027703,0.7607382776590891
363,1.130459734138969,-0.5152042396882246
364,-0.5467187939127292,-0.5417690439886682
365,-0.17830839366827148,0.9300562092378127
366,-0.041493392055433564,-2.0782154295528414
367,-0.6220913022681979,-1.496594493459115
368,-0.08263752869231858,0.3347819591418965
369,0.0644449805550057,1.669044785701446
370,0.524248792326162,0.6843956975796012
371,1.5458646201671498,-2.613041881535894
372,-0.693332841940724,-0.2500032139312191
373,-0.07556809758997658,-0.6148431918720002
374,1.7013491743681446,0.7160056888153634
375,-0.8225423116245146,0.522431909647064
376,-0.9055924551395134,0.08108087403240861
377,0.0682112971658383,-1.26864263615596
378,-0.5067864614837302,0.3781288174338251
379,2.525316766482421,-0.36964198236997126
380,-0.34412955451696237,-0.6176519765694952
381,0.2536062331985531,1.106793531531734
382,1.0886537110264267,-0.21648513348055243
383,-0.5874925996071719,-0.27528092482163297
384,1.1986659032881102,0.30794969373619235
385,-0.944047625600773,-0.2287502161325427
386,-1.57609427061946,1.0658146680894645
387,0.7324886775227816,-0.7114989005794936
388,-0.8858657085925177,-1.715138299737771
389,-1.5560341633934367,0.6709190948635408
390,-0.15535394118065418,0.75714860693355
391,0.7629214491433551,-2.2914030661561
392,-1.737401754694803,0.5231993410020033
393,-1.0147601611056822,-0.568803768911847
394,0.30598937211786575,0.4772150747300692
395,0.7696777837744468,1.0781648360070206
396,1.9132679247569697,0.775332297997438
397,0.025573641829096567,0.13047968645844527
398,-0.09676782765326275,0.7397659188135274
399,-0.7811530349575964,-1.5392419940888098
400,0.12187615703358878,-0.6372355691978295
401,1.0395326257680269,-0.726008549695957
402,0.12807541565292901,-1.6296967690159256
403,1.1642356325858507,-0.11739557874704463
404,0.3072813674106864,1.0269125487986088
405,-1.1353372094028755,0.1099908484408401
406,-0.08137193132259549,-1.0251267631558014
407,-0.30259696948173226,-1.0067832782174453
408,-0.7733851455885896,0.03576078683354322
409,-0.13752823857037377,-0.29730748164990944
410,-0.6197762386793528,0.41405460459894416
411,0.049785875880528546,-0.49649467761969296
412,-1.1213669136366455,1.5242098812261808
413,0.7993601075089779,-0.708276962213349
414,0.34975505055531725,-0.7075968151206522
415,0.5667580028588322,0.026671940770289896
416,0.9812617961372513,0.07745303682278834
417,-0.8044638425129849,-0.4639755915181664
418,0.43678162123722714,-0.022232802904682727
419,0.07867375890172444,-1.4743120314648648
420,-1.0849630274390967,-0.844740858420166
421,2.8010790020241485,0.11051607409524433
422,-0.9491936026236973,0.5981251150478011
423,-0.5394531234765175,1.2743965768729382
424,1.9109203476405934,-0.8294753643711774
425,0.5839401765684287,-0.34305689850423815
426,-0.20093411282065246,-0.38580972746422065
427,-0.48142445979139925,-0.5582079074797094
428,0.1525045840765192,-0.4004954347183477
429,0.47046937172094055,0.9144083369981268
430,-0.18901100647089533,-0.445459913450078
431,-0.3566348217420819,0.08883034444447423
432,-1.6267466114355438,0.492870357647256
433,-0.39797273991571364,-0.8487206204145086
434,1.2818772379339676,1.0840368372049594
435,0.05368825814810099,0.3728741519785679
436,-1.1446814739837539,0.6228621180567699
437,-0.8652932720634878,-1.2596468631640951
438,-1.9260054698736904,-0.43137278157015646
439,0.1504963093831513,0.32754123188089784
440,0.44591186019644335,-0.4913779338756427
441,-0.5375680327441476,-1.98229339706114
442,1.8013616460212267,-1.014976106388102
443,-0.14174430185978684,-1.9436582203395412
444,-1.5089300204794818,-0.8788602424871673
445,-1.799659196893031,-0.022484987467553667
446,-0.6939981655697364,-1.205858805237257
447,-0.1847757744701376,-2.146190421280434
448,1.4085872399377386,1.6563487265028953
449,-2.760609064457845,1.0049920901228155
450,-0.10101669925156462,1.8751044962443517
451,0.5594644617945514,-0.44220243205087656
452,0.10031935617857164,-1.0984767875941954
453,-0.643585228073982,1.0993499728794693
454,-0.9923366782765317,-1.1810572029386859
455,0.30626297919209167,1.0857525738401552
456,-1.3582429947395311,-0.07488994332685152
457,0.8212740432834806,-0.07858749396004928
458,-1.016706510141955,1.0783249166256952
459,1.5378810716327256,-1.280350266226681
460,0.5542408373548645,-0.47955281007277833
461,-0.6948990423773106,0.18727477447702795
462,0.9589144228431964,-2.2546445834952964
463,0.47859648667633564,-0.8633772595714483
464,-0.6567910274588747,2.481395843835193
465,-0.6538785143965035,1.4013196671409263
466,1.7264593946297278,-0.11303818421136644
467,-1.4752855762346344,1.4611737848483393
468,0.29699690180717725,1.3232818197434268
469,-1.2317903203179728,1.372368231173054
470,-0.2996211587542825,-1.360345221991206
471,-0.5108945116456575,-0.330035434402954
472,-0.855651911115884,1.736568521820975
473,0.049363497657718705,0.49968219532516256
474,2.0297531960886586,1.318810791118192
475,0.4544995053520028,1.5493125533632497
476,0.6431940470615872,0.07715130486268745
477,1.7534024544409286,-2.052744953052579
478,-0.6112723909219605,0.669171966455874
479,0.7779281125524765,-1.2316381791678521
480,1.6114770287520737,1.6658786467632103
481,-0.6012816560454383,1.4247763294177467
482,0.4398845604729587,-0.5802273864563783
483,0.4893015540604245,0.5687935153935276
484,-0.8709660739668839,-0.329847627925584
485,0.13983480642841273,0.45776143756749427
486,-0.2775957409524892,0.9456599922913896
487,1.895362393457465,-0.11662780857518014
488,-1.0095543091785772,-0.6087330276955373
489,1.4013308337594512,-0.9266980670198861
490,0.1890660591960687,-1.2536806971875543
491,1.2656060794587376,-0.17274640925481774
492,-0.49780956891273065,-1.658542106965215
493,-0.3795869155235553,1.9042182195584485
494,-0.6985024494085591,0.8219188032088511
495,0.5879529271574825,0.8222236502485233
496,0.13963546374759725,-0.8460077890499519
497,-0.29788478038313265,-0.09037140385310513
498,0.747462833346709,-1.4434675180807377
499,0.3588709154272437,1.973140508909765
500,1.0376553482576674,0.3304970802822424
501,0.9628968202957708,1.1314013806257461
502,0.46208382462344916,-0.7591911773958111
503,1.625160265103237,1.1191018271091449
504,0.6331380872147696,-0.9223219256455765
505,-1.3517905142830238,-0.08855948742022944
506,1.001532209262736,0.060975944850809205
507,0.3196750090082974,-0.15408717301617433
508,0.5661619276242996,-1.3544509645156335
509,0.7647719857582608,1.3433280287390539
510,0.7616155892230777,0.8674211626323006
511,0.16983023173271514,0.736734219229686
512,-0.3789673081526353,-1.6876049909622495
513,1.0588608102359887,1.0594186496531175
514,0.19206185741721524,-1.633791173213494
515,-0.9007653678840928,1.7889439207756954
516,0.18635129479449508,0.07346189984559659
517,0.1520850465684376,1.0240966533481577
518,1.476222262970573,-0.2899323143638837
519,0.7999309020977027,-0.48297441193717394
520,-1.1368143899409122,0.09464574741336766
521,0.5160609082472589,-0.3561573056323028
522,-0.0443604972234659,-0.4855494022792425
523,-0.8949422398469395,-1.3536255025420918
524,0.9945995684827641,0.6547364565488212
525,-0.6492043767192212,0.5151216693319074
526,-2.2327649936454494,0.5029813720110327
527,2.0894464917564526,0.7462398295136485
528,0.6958764119419991,0.276551565218149
529,1.0543976337646668,-1.1543386764291625
530,1.4773751334065472,-1.324622900154903
531,2.1520665950171005,-0.9048138025526001
532,-0.08303147759785272,0.2849560803540099
533,0.4355178626111291,-0.2829464681274693
534,0.21892308592447532,1.8793106702230655
535,-3.6033264927121107,1.7427864737551684
536,-1.2834523028834846,-0.1097851397381749
537,-0.5268312807063951,1.616789712918594
538,0.46731157370777643,1.1952928495398165
539,0.5026742047241034,1.8925255502969969
540,1.2257589740455086,0.9469655644379408
541,0.4409753324166682,0.13214875912065235
542,1.4827423971026488,-0.30152455600031036
543,-0.2320010043667518,-0.8309409236726134
544,-0.30669696826457243,-0.18945430118106577
545,1.3251632627632215,0.5002406464618773
546,0.9719725863371903,1.2582739533207612
547,0.9363061665106179,0.08628845621134763
548,0.007619839767871454,-0.8340121119342757
549,-0.41766433876401904,-0.7455311789796747
550,-0.2629262638259553,-1.3591791982752175
551,1.9185981744002163,0.5124548819339225
552,-0.7370248552179006,-0.03561354021430491
553,0.4623942222155466,-0.37216520905170514
554,0.17727100388026315,-0.01665255870490872
555,-1.2558770476739751,0.29946901358234085
556,0.3248292166286412,-1.7715809623846026
557,0.751859092766651,1.6830373560086576
558,0.13263518978582484,-0.37330048965931084
559,-0.3004060611645488,0.8570261634346927
560,0.9996539454761704,-0.6991539959872547
561,0.5637724486744283,-0.6642155433683805
562,1.2031414724093557,2.2088460932419602
563,0.17184118366687737,0.7038774434227922
564,0.3494294524933461,-0.8605269280442681
565,0.5529535793651852,2.026641859460211
566,-0.9270671020876763,0.032921963535907366
567,0.7783859723388092,-0.8688269232582013
568,0.62068828974463,0.5090443706916108
569,-0.01541230449921942,-1.7988823832586627
570,-0.32573434703742704,0.5723148309717481
571,-0.7092482333164797,-0.38399708261979454
572,-1.158950767994965,-0.30581981857141455
573,1.4198239830009864,-1.180459987017998
574,-0.11785627265562226,-0.06417006746508079
575,0.7857331337961264,0.3445876682892275
576,1.2968398796339142,-0.21378524938897359
577,1.5808552787432362,2.531376868314506
578,2.691246688914148,0.6878633082780712
579,0.3807305348223501,-1.369032458586092
580,-0.7310608890876462,-0.698248670754556
581,-0.27958532599243485,0.5769937672889521
582,-0.518924560439104,1.488376253589177
583,0.35683875531420584,-0.8785311835561812
584,-0.07390679429886146,-0.7050246284417525
585,0.5516128204450901,0.28703305070705454
586,2.3727913753951655,0.3639906708417213
587,-1.4414142051463716,0.1694515915912686
588,0.12190751980532082,1.094205096690073
589,0.8395875969195409,0.12596397697737802
590,-0.981924567275551,-0.08987918955663196
591,-0.9116493709575763,1.5729607867305018
592,-0.44566157118909394,-1.6930349425055835
593,-0.3801084569446357,-1.4453739739741993
594,-0.17636524622899966,-0.5434848797030899
595,-0.45100612474583746,0.8573936796966987
596,-0.14011557671063274,0.9122735214298795
597,-0.28223600940680504,-1.586198857951769
598,-0.9152932853344771,0.8491284558129387
599,2.100894766584342,0.7168231995150856
600,1.3953557597323314,-0.7763121217727154
601,1.8821504859260851,-1.9849373567412663
602,0.02929611615021807,1.2389168877453562
603,-0.3782268591098854,0.6610819983530659
604,1.4315684288014954,0.11113473864185415
605,-0.5407902062521658,-0.21686343745140432
606,0.7534304024038224,-1.219506499497948
607,-0.1253940526842849,0.06871387711722793
608,-0.07199700375487937,-0.6587302716920219
609,0.9602521871911821,1.67797334016427
610,-1.39356579705153,-1.5647555975126004
611,0.7416414441693308,-0.15167568853310756
612,0.8908584826951753,-0.12030349721482583
613,0.6715275941880865,0.420419050593181
614,1.818266978082121,0.34111028565088325
615,0.1619325793276572,-0.3510981647310137
616,-0.5643279260907156,-0.6792249540865274
617,0.5867970737219879,0.6806697390240518
618,-0.8261926764951935,0.4815016909570995
619,-1.2079592353925503,-0.056030762235958695
620,-0.5173630729000258,1.5929533265267817
621,0.5971411837360934,0.07242917780054688
622,0.5889137052202984,0.25228843669737144
623,-0.8724997569721139,1.117703817244079
624,0.691404870508821,1.408654341073605
625,0.009598300587306494,2.0468222310949074
626,-0.2115319641816963,-1.7187790823590527
627,-0.8215763787350604,0.3166206754669151
628,0.9201729727041276,-0.7031697158141962
629,-1.0254746545049596,-0.12022795188574886
630,0.26907910210083974,-0.1984595384245506
631,1.6419990748657065,0.4249694842304491
632,-1.1139752289499987,0.2592919398314471
633,-0.1749677030336284,-0.5900879111638759
634,-0.7879133734342159,0.15522900767976294
635,-0.09394469360478448,0.1667366731591329
636,-0.7910219462391437,0.5515037203171322
637,-1.639522579475147,-0.748859521374631
638,-1.8840713701072929,-0.025821306943869728
639,-0.5129470209445178,1.2280418714278996
640,0.432264086094186,-0.14596583863532644
641,-1.149003541833247,0.663835003520533
642,0.7318943422899592,1.090956603629806
643,-1.41336358433495,1.438911615538865
644,0.2550906189889876,1.7533049162986742
645,-0.25816256151485906,-0.02341830765253328
646,0.763959951393981,-0.34384213365433225
647,0.23888934038813966,-1.39865160602158
648,-1.3159947378409138,0.39828685875970354
649,-0.4704444070515439,-0.4633814485328432
650,-1.1072326005893667,-0.2567734032251523
651,-0.11242644327746898,0.2908157344609646
652,-0.4441037121126504,1.3774960603455773
653,-1.291306442422929,-0.47825677232746194
654,0.37675377810496935,-0.5637409349346262
655,0.406976259012014,1.6373410623981632
656,0.8306364060907333,-1.416715688432965
657,0.05202841238403089,-0.8154503837190569
658,0.5467175473663256,0.20819314915461318
659,0.5385129509044846,0.6898534283560552
660,-0.11609288719546969,-0.42613334256336227
661,-0.8186314574476761,-1.8937875742863934
662,1.1495635961150612,1.4017975772908595
663,0.18753389656323038,0.3106637736896752
664,-0.43479643140381175,0.43041785717973274
665,1.924090871573484,-0.32211497560131647
666,-0.22544851598969537,-1.6666692898365352
667,1.0928464160955313,-0.2546304729331602
668,1.4506675638840405,0.4867154286309902
669,0.7612431430465222,-1.4368907385414196
670,0.6646706996510576,-0.7302622461762275
671,0.610457360653723,0.36260751626684035
672,0.12805706949338136,1.8263976183033606
673,1.4358954124306198,1.980263856182124
674,-0.11161192430598028,-0.12464403651763489
675,-0.7327335908764067,0.2716167396945776
676,0.013629560782546981,-0.28361454859680935
677,-0.6117850714264559,-0.09566610270293045
678,1.035106042351572,1.7662685480768232
679,0.5519379488897151,-0.053863272882734826
680,-0.7416959203615415,0.3200806957706747
681,-0.7121564727527192,2.4683120553429285
682,-1.259929337631306,0.296422911154839
683,1.1142289401191365,-0.013373718467180452
684,0.6064943489226182,-0.7645909045925764
685,2.4859772403730385,0.8778586023556116
686,0.29645657832511924,-0.31183431628615954
687,-0.04273146148410078,1.6997119897206698
688,-0.6007118276912284,-0.6439659690028975
689,1.4409513072204663,0.40256948756695055
690,-0.03859358644983324,1.3293509032273603
691,-0.3523420682532703,0.9534804138007684
692,1.2463859001189146,1.3740142704784153
693,-0.8258233632321297,0.6610042647813094
694,4.03116133893892,1.659954241689175
695,0.8064416500866327,1.3873798541763571
696,-1.6519845151919927,0.16638060986135822
697,-0.5122539895029551,0.5090765185656608
698,0.7063973018986152,1.2205099806394284
699,-1.0399526516425541,1.0490321605250015
700,-0.2734927418831565,-2.0431379522654107
701,-0.9533328706377414,0.09446197953319893
702,0.9615755412389688,0.08351577961022486
703,-0.05900243424075623,2.428304284373787
704,0.1550304613220895,-0.34546279757380904
705,1.5351668089519865,0.3399212365251794
706,-2.282062674820173,-1.6505730636708973
707,-0.6179178431237116,0.5802726015253595
708,-0.018131263692402328,-0.37048058700335046
709,-0.8855935409926611,1.2752854215188376
710,2.632419187533357,-1.023820710336177
711,0.4040763222323001,0.8679825573988057
712,-0.043697783450517384,1.4177947423200925
713,0.7951700170400207,-1.7181860890696872
714,-1.5068122348552795,-0.08914944378845639
715,-0.28221151056930355,-0.4268754360124874
716,0.10412796167958682,0.6436901006334012
717,0.3543013733069248,0.82664598745122
718,-0.734765391269389,-0.47230443067998923
719,1.1049207465921673,-0.9857403904348905
720,0.6151412514633049,-0.8704690207027849
721,1.2257502515044256,-0.8941867120533415
722,1.4850451309978225,0.24718226188264444
723,-1.1594825120941792,-0.928750246980755
724,-0.7797423011815412,-0.16929628747013648
725,-0.15546965310790195,0.4797361970376303
726,-1.2773879344388555,-1.0401378998769057
727,1.0864367998322935,1.0114602089050655
728,-0.6190379994273122,1.5109095216360482
729,1.1709094333058472,-2.198771026154929
730,-1.0966832269496132,0.38178724689377813
731,-0.5570448642787103,0.05595889476557594
732,-0.46928874329784176,-0.5282689793686337
733,1.0164277645797257,0.08059903258020094
734,-1.0022059411242403,-1.3658449779437107
735,-2.341936132568246,-0.31861662767781773
736,1.1330725170478326,1.4910455349572924
737,-0.09338311814043952,1.4753134800272567
738,-0.25340494843561984,0.4893199946914241
739,0.524514302989041,0.4573372313964615
740,0.012507600641092196,0.19352773074956792
741,-0.17021793150027373,-0.4397396778340637
742,0.28349682554988304,0.6578978412493203
743,1.0298768321327647,-1.5817919933556996
744,-1.135759189106741,0.18292645450702524
745,-1.0440724500755783,-0.9978673997961984
746,-0.21906077793954581,-1.34677761813829
747,-0.16762366229882994,-0.13539447589193448
748,0.6071203851933582,0.04427798694518303
749,-0.8134339252188219,1.0603221327996109
750,0.1580172709706084,0.6942881842478894
751,1.7243338025788604,-0.9161430025612078
752,0.11363243594424265,-0.20420732015933676
753,-0.18478058442921402,1.6302688299274146
754,0.3414741231024156,0.49327029723733656
755,0.8718936340394817,-0.6046423727851089
756,0.737860876410477,-1.645431321049338
757,0.31302085835357063,-0.2645417424759036
758,-0.5572731184610432,0.6794387681540106
759,-2.2476811106533865,-0.9721626198220438
760,0.7954524639245337,-1.3327575494869415
761,1.1129062773336758,-0.7460050227264424
762,0.5632245375788716,-0.4155440854880814
763,0.37327569677278816,-1.3411632463874517
764,0.492738560749154,1.0234022232797402
765,0.7394020328903446,-0.7765094809589173
766,0.8721492231313431,0.08772384413405278
767,-0.9817898002552103,1.2741984349303042
768,3.3058103772251566,-0.8982739748652782
769,-1.7847479794786163,0.43201501022776884
770,0.19757024812839835,-0.027874083818938383
771,0.994507140021809,-1.3530671096985833
772,0.7537931257402264,1.0624361421680266
773,1.1252750759588102,-0.16712527609710587
774,-0.33702912263252766,0.6867355300184895
775,-0.284726743675687,0.5077919898508194
776,-0.3539880383934991,-0.4691990066864308
777,0.5912668055689684,0.5103845438906507
778,0.8473149036164295,-0.891505358805483
779,1.1824488863240594,-0.6008170772887168
780,-0.18999823384596604,0.8263229822446246
781,-0.6494482481309866,-2.032951526295755
782,-0.6207994304117675,-1.2712895949617753
783,0.8326737401916651,0.5794396472581065
784,-0.8745154561534654,-0.38602757939483
785,0.913492324155481,1.0844604946204566
786,-0.6079338863432712,-0.46920718593801247
787,-0.37360394728680196,-1.0731730614736381
788,0.1119763589752273,1.1683874578956204
789,-1.5313443032098581,-0.9604304005304813
790,-0.64248764752011,-0.276483124220178
791,0.4853957470654892,0.10636566612873717
792,1.7359820397597245,-0.3579919888750349
793,1.1911941027297228,-1.099357323451624
794,0.6793797421689403,0.6196850103284015
795,1.1041319318682918,-0.7715272692249721
796,-2.5401524420515535,0.8636223968941322
797,1.981496293484372,-1.5434343059800775
798,-0.10774140349965293,0.043237618435859375
799,1.3981736302687442,0.9466702042380257
800,1.343612857231385,-1.1927906437816957
801,-0.29322745883532036,-1.5274472591634256
802,0.12867088209748379,0.16275114046228256
803,-0.6667234501804277,-0.6500904171089128
804,-0.5808903252758484,0.38143249775710125
805,-1.1618661180707757,-0.02349764760443193
806,-0.5695945980877695,0.20137144234095192
807,-0.5883729626365339,-0.03812599442012982
808,-0.41457704810662455,-0.35315652150246235
809,1.452032225285271,-0.5540298473975537
810,0.2169991284165877,-0.7300520315157687
811,-0.5374378471146372,-0.7852826966703259
812,-0.5558260887652892,0.5064913471872257
813,0.5957666838779794,0.8591347169112898
814,-1.2906636372975662,0.09150962299945982
815,0.27250897715623046,1.5134110872902018
816,2.10023641436061,-0.5802203357542907
817,-0.01787131293528303,-0.5303937607528383
818,1.4525118305708047,-1.0879158529896171
819,1.5128152485611808,-0.7697884383762184
820,0.5364876339829555,-0.4922752587503606
821,-0.8276914180781465,0.06196175889048655
822,-0.22683983195103097,-0.5483636976781721
823,-0.3835541256616865,0.2501537219607773
824,0.44210559524252574,0.483495003344554
825,-0.3240534524340871,0.8733322555663097
826,1.1399412039117531,-0.4639820320831314
827,-1.1222667834137956,-0.07300605766331313
828,1.160532901152302,-0.22196435419921298
829,1.0472676787546564,0.4556982879974034
830,-1.227202608722063,0.8291044211106927
831,0.060453917187072125,0.7904729033672957
832,0.7200522706468853,0.5296454125929064
833,-0.8771320573614394,-0.052917225627326044
834,-0.07456965602642313,0.1984966719387643
835,0.3521710791308427,-0.5487757490237308
836,1.3707368956435217,0.654836571698977
837,-1.139794991636251,0.6825244897757727
838,1.3335888922989885,-1.3286375648654207
839,0.8583304590511106,-1.0474985432066029
840,-1.4928496593948783,0.3181627398669098
841,1.4876746900486049,-0.05916587743040177
842,1.6430356906781858,0.84900605430977
843,-1.502808181007286,-0.6299751337123661
844,-2.4919301603052455,0.8779376637439014
845,0.17036971780137547,-0.6452270803753597
846,0.06876369454004076,-1.3567050534877594
847,0.4262088572578587,-0.8951043753230944
848,0.26388152234600837,0.1944251018532447
849,1.752010185387013,-0.07953275899207499
850,1.7708012420976749,-1.3919870516411599
851,-0.5811705888335909,-0.6891280055491867
852,2.1384418922821378,-0.3272362558882463
853,-0.7702949330298806,-0.28698495354795656
854,-0.3602207007641711,-1.203159201963275
855,-0.3848431116403769,-1.2891187898394663
856,-0.5103205546176897,-0.5276951194327648
857,1.0310447853528921,-1.4122557078491316
858,0.8322778546519884,-0.4750066806725853
859,-0.6238486882275927,0.010316459346091562
860,1.2465470634292766,0.08885993934364955
861,0.6586346942243045,-1.083139060980473
862,1.1745949363903097,0.8315490758259172
863,-1.4358559378367104,0.028527156781600907
864,-1.3814055136594245,-1.015675247893846
865,-0.8669013752099216,1.9658958509636304
866,-0.5573011812782832,0.6550001436233418
867,2.2372653072904067,-0.9741047611367453
868,-1.3792464717132977,-0.5627862120433725
869,1.8311257297254193,-0.5870512060282966
870,-0.003244486223058164,-0.49399915580507014
871,-0.1905223323227103,-0.5031726542173313
872,-3.579032781182217,2.103278394097918
873,1.3092813087309285,-0.5282407258328965
874,1.0270281949630815,-0.01616561422777904
875,-0.16556852524110158,-1.137579644837108
876,-0.146112019282145,-0.7103025468241478
877,-0.932289056718362,-0.6901931895895543
878,-1.1241586744541117,-0.5210592783375575
879,-0.9514881652576098,1.0088817229530094
880,1.6299151051560787,0.19385349196622392
881,-2.0404247946785703,-1.2020336721753584
882,-0.024043097381525668,0.9959168079657794
883,1.512033488620487,1.7179718487812405
884,-0.4660405572910041,0.8342665165698206
885,1.1734317613141636,0.5961543759713485
886,-1.6411534881784189,-1.2700135006464301
887,-0.4226403562684135,1.815350350844171
888,0.4093276009979517,-0.8581261553387642
889,0.2570711754493834,1.2273732984046057
890,-0.5325766201226168,0.6229603261879172
891,0.39586767392483363,-0.9683406928720422
892,-1.2517218340413652,-0.22262587789481686
893,1.2488372936539487,0.579229152500123
894,-0.5282477263748495,0.4187106516521875
895,-1.8208270896615952,-0.5141879420216718
896,-0.708631628806606,-0.6102327932010444
897,-0.3426940823721264,-1.8378850910248237
898,0.6262224303350543,-0.8871943150284834
899,-1.8906319020311952,-1.2352821333105073
900,-0.13011852136954513,0.3001207996032599
901,-0.12793206276859825,-1.4787601245742397
902,-0.49297796556661594,1.3809894489233243
903,1.138885168596642,-1.1288016846181637
904,-0.750595646606549,0.4711002196370108
905,-0.3970590418555235,-0.6655895008916135
906,0.5806735234096735,-0.026918883145009096
907,1.9256683383212263,1.438622204544355
908,1.1166189906340673,0.8951074992798406
909,0.5552432012102957,0.9584858637442947
910,0.8358912266293166,-0.8682188644520565
911,-0.37847045238464627,0.9621796641657342
912,0.7830099707561795,-0.37985822747325215
913,-0.622242029194589,-0.9422370502137277
914,-0.6801641662859411,0.3468378131301871
915,1.2132073886794787,-0.4170206138355489
916,-0.05395157920969315,0.35219997853446816
917,0.566631879347622,0.8357395247329367
918,0.2780299635131162,-1.4506979470452674
919,0.5738460274721772,1.8786029667366186
920,0.04296751727046491,1.2083318601922157
921,-0.7263805913902227,-0.4956683500541445
922,0.28805245966674453,0.40664591870304523
923,-0.3314485327867142,-0.20734022482386377
924,-0.7926094794611215,1.1768709063561082
925,1.1167380400751183,0.9806602311356665
926,0.8568372352488588,-0.11504367923997855
927,0.01825812096150487,0.21868750021649905
928,-1.7862888776802155,0.61782958323647
929,-0.5823701718397963,-0.7446013862838587
930,0.23269881304940687,-1.783977570801381
931,0.9217774601868978,-0.6055859887617869
932,2.033054098559171,0.465622849934608
933,-0.40133933019621,-0.24870068534473921
934,0.7630828013698345,0.4838858637848765
935,0.880429208117302,2.352873551005702
936,-0.2917245062886527,-0.8176433506098044
937,0.6150028407832207,-0.638781397233588
938,-0.12397393517361628,0.6042067814073404
939,0.6742396623569417,0.5884738987545443
940,1.573549121618204,-0.3839865628651166
941,-0.7185648909566927,1.7340625259877618
942,0.5586134535017421,0.19055969289364894
943,0.8045421035408175,0.6126740309380005
944,-0.2012551230504266,0.7870252611344486
945,2.1760321064025208,-0.991085512261542
946,1.203662280782306,-1.0007729182672924
947,-0.6167035031074334,-0.09547217472007181
948,-0.17813522750317412,-0.23671295324505964
949,-0.6337534485903844,-0.9216190483687973
950,-0.35748376797590364,1.3840739899297811
951,1.421589953715912,-0.4707672255168005
952,-0.8183539109001386,0.6788762064197598
953,0.20160669994517366,0.6213126248048891
954,-0.6023413265051565,-0.7734708274001975
955,1.5882284916531264,0.15454363459633136
956,-0.5007372889245906,0.49258749047427375
957,0.25545180344510515,-1.3539890934534333
958,0.48804957077648686,0.12484640526844855
959,-0.8969844584169551,-0.12871823013584704
960,-1.1652666692494955,1.2216316818743451
961,0.7152666757180814,0.8701077469958314
962,1.5297026053061267,1.0258959029829664
963,-0.5106759600997902,0.528844250267881
964,1.1768748913805078,0.27732298845376263
965,-0.21011996057561683,-0.6596989020465711
966,1.4545770136148204,-0.32124458801108785
967,0.3045647938753563,-0.28791164814431647
968,0.5002555562189637,-1.86652230845561
969,1.9500528252831038,-0.6944507619187139
970,-0.3996290517352341,-0.5884769143919816
971,0.9861456215367947,0.9857462102435907
972,-1.0315678574971068,1.1766974972003275
973,0.23746488632869017,-0.5645153495049898
974,-0.18231720499541826,-1.4041576465789636
975,-0.9851175111713515,0.908691815300569
976,-0.5148494670546709,1.2146348482932792
977,0.49095045303159723,-0.3757469598172335
978,-1.1837315035070373,-0.7666856418876125
979,1.2389218606732695,0.8845203837301664
980,0.18744226230018776,1.0263819666746243
981,2.0475916032185397,-2.045628120204841
982,-0.6809118478638466,-0.9028128794575229
983,-0.10188255846537896,-1.111329299978779
984,-0.08758974979542142,0.018207514387495828
985,0.007851783611293534,-1.5244625442674973
986,-0.6656844209320302,0.6267211962112765
987,-1.781050439668024,0.10309323698712032
988,-0.47978137559952955,-0.6411651916315829
989,-0.5667909500176564,-2.118333117590605
990,-1.76192601333166,1.3197571633652223
991,-0.1459303431102294,0.6036015983056767
992,0.4232016892522969,-1.077316483429385
993,0.12691959952862034,-0.04687585722315528
994,0.9160684137643379,-1.3719937050939546
995,-0.5098430276226223,0.04485943448873359
996,-0.5965904725865991,0.25120517167336515
997,1.9032052300986455,-1.0437492871599654
998,-0.33790035773760096,0.11023987323390456
999,0.11082863522328071,0.8260091746234821
